{
    "model_name": "TPE",
    "opt_metric": "mae",
    "opt_score": 0.0011694051948056446,
    "mae": 0.0011694051948056446,
    "rmse": 0.0015506469945787524,
    "r2": 0.9999573898591106,
    "mape": 0.006676428558473889,
    "max_error": 0.0053112091062637035,
    "timestamp": "2026-03-24 15:01:56",
    "hyperparameters": {
        "n_estimators": 349,
        "max_depth": 7,
        "learning_rate": 0.021526120342364882,
        "subsample": 0.6729765878226974,
        "min_samples_split": 13,
        "min_samples_leaf": 9
    },
    "train_samples": 433,
    "test_samples": 113,
    "n_features": 21
}