{
    "model_name": "TPE",
    "opt_metric": "mae",
    "opt_score": 0.00374490645272393,
    "mae": 0.00374490645272393,
    "rmse": 0.004788147833978794,
    "r2": 0.5804433817516257,
    "mape": 0.02631173192425648,
    "max_error": 0.014330473327635929,
    "timestamp": "2026-03-24 16:56:43",
    "hyperparameters": {
        "lr": 0.005831851429130871,
        "dropout": 0.3226581899050067,
        "weight_decay": 0.005995942726630809,
        "n_layers": 1,
        "size_layer0": 84
    },
    "train_samples": 220,
    "test_samples": 56,
    "n_features": 15
}