{
    "model_name": "TPE",
    "opt_metric": "mae",
    "opt_score": 0.0037366274143885,
    "mae": 0.0037366274143885,
    "rmse": 0.004717765267523228,
    "r2": 0.9993326551098631,
    "mape": 0.025920732631913735,
    "max_error": 0.013852423429073113,
    "timestamp": "2026-03-24 14:35:28",
    "hyperparameters": {
        "n_estimators": 149,
        "max_depth": 2,
        "learning_rate": 0.04398189955114844,
        "subsample": 0.5527763060091551,
        "min_samples_split": 12,
        "min_samples_leaf": 2
    },
    "train_samples": 440,
    "test_samples": 112,
    "n_features": 16
}