{
    "model_name": "RS",
    "opt_metric": "rmse",
    "opt_score": 0.0057784122827552525,
    "mae": 0.004369952960534139,
    "rmse": 0.0057784122827552525,
    "r2": 0.5645289466811618,
    "mape": 0.029939510345066513,
    "max_error": 0.018239459912216205,
    "timestamp": "2026-03-24 17:59:03",
    "hyperparameters": {
        "lr": 0.00020914981329035596,
        "dropout": 0.048815293937911536,
        "weight_decay": 0.004951769101112702,
        "n_layers": 1,
        "size_layer0": 228
    },
    "train_samples": 220,
    "test_samples": 56,
    "n_features": 15
}