{
    "model_name": "RS",
    "auc": 0.5671296296296297,
    "f1": 0.8163265306122449,
    "accuracy": 0.7032967032967034,
    "mean_score": 0.6955842878461928,
    "threshold": 0.35,
    "timestamp": "2026-03-25 10:35:22",
    "hyperparameters": {
        "n_estimators": 179,
        "max_depth": 6,
        "learning_rate": 0.011093090790700134,
        "subsample": 0.5186740943746072,
        "min_samples_split": 17,
        "min_samples_leaf": 4
    },
    "train_samples": 360,
    "test_samples": 91,
    "n_features": 20
}