{
    "model_name": "TPE",
    "opt_metric": "mae",
    "opt_score": 0.0014031908325735643,
    "mae": 0.0014031908325735643,
    "rmse": 0.001818597006191791,
    "r2": 0.03786535782721323,
    "mape": 0.008085169325311723,
    "max_error": 0.005557682158478627,
    "timestamp": "2026-03-24 14:42:01",
    "hyperparameters": {
        "n_estimators": 255,
        "max_depth": 7,
        "learning_rate": 0.019721610970574007,
        "subsample": 0.7571172192068059,
        "min_samples_split": 13,
        "min_samples_leaf": 1
    },
    "train_samples": 237,
    "test_samples": 60,
    "n_features": 20
}