{
    "model_name": "TPE",
    "auc": 0.8535300316122234,
    "f1": 0.8613138686131386,
    "accuracy": 0.8303571428571429,
    "mean_score": 0.8484003476941683,
    "threshold": 0.6000000000000002,
    "timestamp": "2026-03-24 15:48:40",
    "hyperparameters": {
        "n_estimators": 51,
        "max_depth": 4,
        "learning_rate": 0.010107407131817972,
        "subsample": 0.5262951386662729,
        "min_samples_split": 10,
        "min_samples_leaf": 9
    },
    "train_samples": 440,
    "test_samples": 112,
    "n_features": 16
}