{
    "model_name": "TPE",
    "opt_metric": "mae",
    "opt_score": 0.0015149102958830942,
    "mae": 0.0015149102958830942,
    "rmse": 0.0018559422174823795,
    "r2": 0.27699651225420896,
    "mape": 0.008494999407508242,
    "max_error": 0.004041936733731433,
    "timestamp": "2026-03-24 14:57:33",
    "hyperparameters": {
        "n_estimators": 112,
        "max_depth": 5,
        "learning_rate": 0.015589927018668166,
        "subsample": 0.7896480801656873,
        "min_samples_split": 7,
        "min_samples_leaf": 6
    },
    "train_samples": 355,
    "test_samples": 89,
    "n_features": 20
}