{
    "model_name": "TPE",
    "auc": 0.612942612942613,
    "f1": 0.8297872340425532,
    "accuracy": 0.7333333333333333,
    "mean_score": 0.7253543934394998,
    "threshold": 0.5500000000000002,
    "timestamp": "2026-03-25 10:30:59",
    "hyperparameters": {
        "n_estimators": 51,
        "max_depth": 3,
        "learning_rate": 0.02821137517572652,
        "subsample": 0.6577647276602229,
        "min_samples_split": 17,
        "min_samples_leaf": 10
    },
    "train_samples": 240,
    "test_samples": 60,
    "n_features": 20
}