{
    "model_name": "TPE",
    "mae": 0.008784040927887078,
    "rmse": 0.012665747299474301,
    "r2": 0.9951900637559666,
    "mape": 0.060585777978976976,
    "max_error": 0.044044326782225696,
    "timestamp": "2025-12-23 10:07:49",
    "hyperparameters": {
        "lr": 0.007747603605538959,
        "dropout": 0.016537439626067664,
        "weight_decay": 0.0011059558687649697,
        "n_layers": 2,
        "size_layer0": 153,
        "size_layer1": 14
    },
    "train_samples": 440,
    "test_samples": 112,
    "n_features": 16
}