{
    "model_name": "RS",
    "auc": 0.6568278805120911,
    "f1": 0.7951807228915663,
    "accuracy": 0.6991150442477876,
    "mean_score": 0.717041215883815,
    "threshold": 0.5800000000000002,
    "timestamp": "2026-03-24 15:51:38",
    "hyperparameters": {
        "n_estimators": 418,
        "max_depth": 5,
        "learning_rate": 0.06058402553512053,
        "subsample": 0.6209261454502258,
        "min_samples_split": 3,
        "min_samples_leaf": 9
    },
    "train_samples": 438,
    "test_samples": 113,
    "n_features": 21
}