{
    "model_name": "TPE",
    "opt_metric": "mae",
    "opt_score": 0.004387966476921333,
    "mae": 0.004387966476921333,
    "rmse": 0.005385744743479721,
    "r2": 0.6217022360031655,
    "mape": 0.03006247273867813,
    "max_error": 0.014358574480453967,
    "timestamp": "2026-03-24 14:59:19",
    "hyperparameters": {
        "n_estimators": 295,
        "max_depth": 3,
        "learning_rate": 0.011627244308932866,
        "subsample": 0.9840722193982808,
        "min_samples_split": 2,
        "min_samples_leaf": 9
    },
    "train_samples": 220,
    "test_samples": 56,
    "n_features": 15
}