{
    "model_name": "RS",
    "auc": 0.8468563400070249,
    "f1": 0.8689655172413793,
    "accuracy": 0.8303571428571429,
    "mean_score": 0.8487263333685157,
    "threshold": 0.5500000000000002,
    "timestamp": "2026-03-24 14:05:04",
    "hyperparameters": {
        "n_estimators": 324,
        "max_depth": 3,
        "learning_rate": 0.012476394272569451,
        "subsample": 0.9744427686266666,
        "min_samples_split": 20,
        "min_samples_leaf": 9
    },
    "train_samples": 440,
    "test_samples": 112,
    "n_features": 16
}